,store_id,store_name,score,ward,review_cnt,review
0,00000001,手打式超多加水麺 ののくら,4.09,東京都内,394,午後半休して並びました。亀有駅南口からロータリーを抜けて、バス通りをまっすぐ進んで行くと、右側に行列が見えてきます。平日お昼13:00前の到着で待ちは23人。先に店内入ったところにある券売機で食券を買ってから並びます。列の前から5番目くらいになったあたりで、店員さんがやってきて食券を渡し、醤油か塩か聞かれます。お店に入れたのは14:15ということで、比較的暖かい日だったのでよかったですが、最後の方は手足がかなり冷えていました。購入したのは「特製中華そば(醤油)」(1200円)。トッピングに覆い隠されていて、まだこちらの名物の「手打式超多加水麺」はまだ見えません。まずはスープを一口。見た目は濃そうなスープですが、鶏で取ったダシがほんのり香る、淡麗系のスープです。油断してると何口も飲んでしまいそうになります。チャーシューの下から麺を引っ張り出してきます。太い縮れ麺というと濃厚背脂系のお店が思い浮かびますが、こちらは淡麗醤油系のスープにも非常によく合います。量は決して少ないはずがないのですが、ずるずると食べていくとあっという間になくなってしまうので、途中で意識してセーブしました。チャーシューは豚２枚に鶏１枚。がっつりした豚と淡白な鶏のコントラストが素敵で、どちらもスープをしっかり吸わせて食べました。最後は丼を捧げてスープを飲み干して、いい気分になってお店を後にしました。これだけ美味しいラーメン、そりゃ並びますよね。
1,00000001,手打式超多加水麺 ののくら,4.09,東京都内,394,"Instagram    pateknautilus40https://www.instagram.com/pateknautilus40/ ご覧いただき有難うございます。皆様の『いいね』『フォロー』『お店の保存』を頂けると幸いです。2019年百名店に選出されている『手打式超多加水麺ののくら』へランチで伺いました。場所は亀有駅より徒歩4分程です。この日お店に着いたのが、13:40分頃で14:35入店、14:50ラーメン出、15:05退店という時間の流れでした。この時間にもかかわらず20人程並んでいました。ここの所ラーメン屋さんを数軒訪れてますが、それらよりは多少時間がかかりますね。食券を買ってから列に並ぶシステムのようです。麺が早めに無くなることも多々ある様ですので、行くなら早めをおすすめします。麺は手打ち麺で店の入口隣に打つスペースがあります。写真を参照して下さい。接客サービスはとてもいいですね。女性店員さんも店主も真摯な姿勢がヒシヒシと伝わってきます。味の方は、麺は好みがあると思いますが、スープは出汁がほど良く効いておりとても美味しいです。チャーシューもレア感ありジューシーで柔らかく美味しいです。玉子も半熟で、もっちりした鳥チャーシューやメンマも美味しいです。また是非伺いたいと思います。ご馳走様でした。なお、この日頂いたものは下記のとおりです。『特製中華そば』  1,200円鶏チャーシュー豚チャーシュー×2メンマのり×2煮玉子入りワンタン入り"
2,00000001,手打式超多加水麺 ののくら,4.09,東京都内,394,とある土曜日、妻子が妻の実家に帰るということで、この絶好の機会を活用して一食入魂！前々から訪れてみたかったので伺いました！亀有駅から徒歩5分強でしょうか。歩いていると長蛇の列が並んでいるお店がこちらです！営業開店時間である11時の3分前にお店に到着しましたが、ざっと30名は並んでいます。列は一名ずつ並ぶのでお店までまぁー長いです。Tabelogラーメン東京一位＆ビブグルマン獲得店は凄まじいだろうとは思っていましたが、やはりこれだけの盛況ぶりは凄いですね！（今、11時11分ですが、おそらく1時間はかかるでしょうかね。。）先にチケットを購入して待つようです。11時半にチケットを購入するタイミングがやってきました！特製中華そばのチャーシューはサイズも大きいしToo muchな気もしましたが一食ありつくのにこれだけ時間使うだけにがっつりオーダー！ということで下記です。特製中華そば（1200円）チャーシュー丼（290円）入店が、13時過ぎ。店に入ると目に入るのが製麺機。L字のカウンターでコロナ対策もあり、一席離して座るわっている。店内はチューシューの焼いてる香ばしい匂い。旦那様と奥様だろうか。2名でのオペレーション13時9分、ラーメン来た後すぐにチャーシュー丼も丼着。まずはラーメンを眺めてみる。醤油スープに油がのっている感じ、一吸いしてみると、コクはあるがくどくなくあっさりしている感じ。これは何吸いでもしてしまいそう。次に麺。これですね！ここの真骨頂は！太いちぢれ麺。確かに自家製であることしっかりわかります。次にチャーシュー！豚2枚と鳥1枚。サイズは大きいがあっさりしていて柔らかい。メンマに2種類のネギ、三つ葉に卵、ワンタン2つ（具なしと具あり）特筆すべきは具ありの海老のワンタン！こちら中身の下味がしっかりついている。丁寧な作りをしていることがわかります。どの素材も本当に丁寧に作られています。次にチャーシュー丼。軽く焦げ目の入ったコロコロしたチャーシュー、白胡麻、ネギ、タレ、辛いフレーク的なもの。バランスがとっても良い。悪目立ちするものもなく、調和されつくしている。値段が290円というのが、他店と比較するとコスパは良くないかもです。食べ終わったのが13時半くらい。2時間半のジャーニーでした！総評としては、奇を衒わず、非常に丁寧に作られている印象です。（コスパは少し悪いかなという感じです。）Tabelogラーメン東京一位かつビブグルマン獲得店はこういう店であったかと、百聞は一見に如かず、一色入魂、2時間半かけて体験できたこの経験は貴重だなと実感しました！
3,00000001,手打式超多加水麺 ののくら,4.09,東京都内,394,"食べログのラーメン部門で東京No.1になった「ののくら」にやってまいりました～！（2020年11月現在、食べログ評価 4.09）ミシュラン東京ビブグルマンにも選ばれてます。食べログ４点台を求めて亀有駅に来るのは、今回３回目なのです。１回目は つけ麺 道。２回目は 吟八亭 やざ和でした。どちらも、当時は4点超えでしたが、現在は3.8台になってます。 ４点台でいつづけるのがいかに難しいかってところです。さて、当店は11時から営業してますが、ちょいと出遅れて、11時30分頃に亀有駅に到着しました。駅前で両さんの写真をパチリ♪毎度のことながら、お約束です。(^^ゞ亀有駅から南へ一本、4分ほど歩くと、静かな通りの歩道に行列が見えてきました。数えてみると、店外に17人。店内に2席分の待ち席があるので、19人待ちってことです。客席は、L字カウンター6席なので、今食べてる人もいれて、5巡目ってことになります。まぁ、天気もいいので気長に待つことにしましょう。先に店内で食券を購入してから並びます。券売機は、一番上に大きなボタンが５つ。　中華そば（塩／醤油）　　　　　　　￥850　煮玉子中華そば（塩／醤油）　　　　￥970　ワンタン中華そば（塩／醤油）　　￥1,000　特製中華そば（塩／醤油）　　　　￥1,200　チャーシュー中華そば（塩／醤油）￥1,300特製中華そば(1,200円)をポチっとな。並んでいると、お姉さん店員さんが出てきて食券を回収します。その際に、塩か醤油をお伝えします。「醤油」でお願いしました。12時40分に着席！すっかりお腹も空いて、美味しくいただける時間帯です！厨房には、ソフトな感じの店主と先ほどのお手伝いの女子だけです。ご飯系は、女子が作ってました。バーナーで炙ったりしてます。着席後３分ほどで、カウンターの上のお皿の上に特製中華そばの丼ぶりがセットされました～♪黒っぽいスープに、ピンク色のレアチャーシュー2枚、白い鶏チャーシュー1枚、煮玉子、メンマ、白髪ねぎ、三つ葉、海苔2枚。隠れてみえないけど、ワンタン1つ、ワンタンの皮1枚も入ってます。スープは黄金色の鶏油が多めです。口に含むと、ふわっと香りよく、見た目の油っぽさがまったく気にならない味わい。丸みがあってキレもあります。店名にある手打ち式超多加水麺は、ピロピロのちぢれ麺。表現は良くないかもですが、、すいとんを思わせるような、いかにも自家製っぽい食感。そして、ずっしりと存在感のあるチャーシューがヤヴァイ！分厚くてとても柔らかい仕上がり。周辺が炙ってあって香ばしく、本体がとってもジューシー♪鶏チャーシューも、ふっくら柔らかくてめちゃ旨です。チャーシューの下に隠れていたワンタンがこれまた美味しい。たっぷりの具にはお肉のほかに、大葉や生姜も香ります。ありゃっ、こりゃ旨い！もう一つある！と思ったら、こちらは皮だけでした。煮玉子も絶妙な火の入り具合で、全体的にぬかりなし！スープまで完飲して、ごっそさん！ふぅ～、美味しかった♪12時55分頃にお店を出ると、外の行列はさっきより少し短くなり、12人になってました。これにて、口コミ8,300件となりました～＼(^o^)／"
4,00000001,手打式超多加水麺 ののくら,4.09,東京都内,394,食べログで、とても評価が高かったので、一度は食したいと思い訪問。平日の遅い時間に行けば、待ち時間が短いと思ったので、14時20分に行きましたが甘かった前には15〜17名の人数が並んでいました。先に食券を購入してから列の一番後ろに並びます。約1時間並んでカウンターに案内されました。今回は、特製醤油　1200円味玉、メンマ、ワンタンの皮、ワンタン、白髪葱、三つ葉、海苔、豚チャーシュー2枚、鷄チャーシューが綺麗に彩られています♪スープは、淡麗系のまとまった味。美味しいですね。麺はやや太めの縮れ麺でまた、モチモチしていて、他店の麺とは全く違う仕上がりになっています。バランスの取れたスープと、モチモチ縮れ麺が良く絡みます♪また、豚チャーシューは香ばしくて、鷄チャーシューは柔らかくてぷりっとしています。味玉も半熟で味が染み込んでいます。ワンタンは大葉の風味がありましたね。全ての一つ一つが非常にバランス良く、綺麗に仕上がったラーメンでした^ ^とても美味しく頂きました♪ご馳走さまでした♪♪♪
5,00000001,手打式超多加水麺 ののくら,4.09,東京都内,394,ようやくののくらに。以前亀有に伺った際は行列も少なく今ほど評価も高くなく並びもなかったので道に行きましたが気づけば全国1位のお店に。前は夜もやってましたが昼だけと中々の難易度に。連れと二人で13時頃きてラーメンを食べるまで1時間ほど。90分と色々みましたが思ったより並ばなくてラッキー自分は特製中華そば醤油連れが塩でチャーシュー丼も。醤油は見た目こそ色が濃く味が濃そうな醤油ですが鶏出汁と鶏油がフワっとおしよせる優しい味わいキレもよくほかの端麗系の店のスープとも違う感じでとにかく優しい味わい。麺はツルツルぷりぷりでモッチリしててすごく優しい味わいで美味い…チャーシューは鳥は普通でしたが豚チャーシュースモーキーで美味い火が通ってからと通る前で味違うから今度はチャーシュー麺にしよう…煮卵も濃厚な煮卵で最近食べた煮卵で一番おいしかったかも。塩ラーメンも少し頂きましたが初めて食べる味わいで鶏の旨味がでている塩でうまいなー店主もすごく感じのいい方でこれは並ぶのわかるなー次は塩と鶏玉ご飯物食べに来たいと思います。美味しかったですごちそうさまでした( *´艸｀
6,00000001,手打式超多加水麺 ののくら,4.09,東京都内,394,この日はブラっと放浪していました。お昼ご飯に、前々から気になっていた、こちらのお店へ初訪問しました。お店へ到着すると、さすがの高得点店らしい行列です。１時間ほど待って入店。ご主人も女性も丁寧な応対でいい雰囲気です特製中華そば(醤油)とチャーシューご飯をオーダーしましたほどなくして到着。自家製麺は超多加水のもっちりというかフワッと感さえ感じる弾力が独特で唸ります。スープは透き通った鶏ガラで醤油もコクがあって旨いです。色はかなり黒いですが、塩はきつくないですチャーシューは均一感のある赤身は低温調理のしっとりした食感。白い鶏チャーシューも柔らかさとスッと入る食べ心地にも唸ります。肉感のある大きめのワンタンも生地が美味しいですチャーシューご飯は薬味が絶妙ですね～。チャーシューの弾力もさすがです。味わいに酢の酸味が効いていて、単独だと食べづらい感じを受けましたが、ラーメン食べる間に食べると、これがいいコントラストになって、なるほど！って感じる美味しさですいやぁ、旨すぎてぐうの音も出なかった。満腹で胃もぐうと言わなくなった。また、時間を作って並んでみたいと思います。ごちそうさまでした
7,00000001,手打式超多加水麺 ののくら,4.09,東京都内,394,今日は2020年10月15日時点で点数が全国No.1の「ののくら」さんです。お店到着は平日の11時30頃、既に20人以上の待ち、90分待ち覚悟です。まずは食券を買って並びます。フォローをさせて頂いている方のコメントを見ると醤油、塩と、どちらも美味しいそう。連食をされているコメントもあったので、この機会にと特製醤油と塩ラーメンの連食です（並んでいるお店での連食には様々なご意見があります）待っている方にも迷惑をかけないように速く食べます(^^)/まずは特製醤油からです。スープを一口、最初は結構ガツンと醤油感じる。と思いきや、円やかで、旨味も凄い(^^)/麺はモチモチ、しっかりしたスープが麺に絡まって、これは美味しい(^^)/豚チャーシューは薄いピンク、鶏チャーシューもやわらくてどちらも絶品次に塩です。結構味が濃い醤油を食べた後なので、最初は少し味が薄く感じましたが、水で下をリセット。塩気もしっかりしつつ、鶏の旨味が広がります。麺他、素材の味は塩の方がはっきりとわかります。かと言って味が薄いわけではない。ん～、この塩は美味しいかも(^^)/二杯のラーメンを完食、完飲。店内に入ったのが13：00過ぎていたので案の定の90分待ち、着席から着丼までが10分弱、二杯のラーメン食べるのに15分で店内滞在時間は20分強(^^)/食べすぎ、塩分取りすぎ(>_<)ただ、他の方も書かれてましたが、中毒性があるようなラーメンではありませんね。美味しく頂きました。ご馳走様でした('◇')ゞ食べログ登録時：4.13
8,00000001,手打式超多加水麺 ののくら,4.09,東京都内,394,到着したのが平日の10:40。なんと14人待ち！これはラッキー。コロナの影響か平日が狙い目とのことで今日はついてました。現状ののくらで14人待ちで撤退するなんて有り得ないですからね。なんか並ぶの平気になってきたわーその後店を後にする時も並びもずっとそれくらい。なのに、なのに、着丼までにかかった時間なんと1時間……どないなっとんねん！と言わずにいられません実はコロナでソーシャルディスタンスを導入してるのか6席だったんです。さらにここの店主のラーメンを見るとわかるように、もう神経質さを全面に出したビジュアル。納得せざるを得ない……ぐぬぬ……オーダーは醤油に味玉トッピング。スープをすする前からワクワクが止まりません。これで普通なら詐欺で訴えたい気分まで高まりました。……完璧じゃないですか、あなたは神ですか？漆黒のスープはビジュアルに反して繊細な甘みがあり、醤油のエッヂもちゃんと効いてます。このちょっと甘すぎないバランスが大好きです。レンゲですくうと若干鶏油が多く感じましたが、全然オイリーじない。相当鶏油がいいのでしょうか？ヤバい、スープ啜りすぎて麺が！麺はご存知手打ちの超多加水麺。もっちもっちです。うどんとは違いますね。あんなごわっとしていない。ちゃんとラーメンと麺との相性を意識してるのが伝わってきます。美味い美味いと連呼してしまいそうです。こんな衝撃を受けたラーメンは仙川の『しば田』以来かも。次は塩ですね、こんなに美味い醤油があるなら塩もきっと感動出来るはずです。めっちゃ期待しちゃいます！
9,00000001,手打式超多加水麺 ののくら,4.09,東京都内,394,2020.9.29特製中華そば(1200円)⭐︎3.6平日の火曜開店1時間半前(9時半)到着で1番。11時2分の開店時には40〜50人は並んでたんちゃうかな？現在ラーメンランキング東京都1位、全国2位というバケモノ店。店内は、コロナ対策でカウンター6席のみ。おそらくご夫婦のお二人で営業されており、大阪の『紡』を思い出すなぁ。ご夫婦どちらも丁寧な接客で素晴らしい。ラーメンは一度に3杯ずつ作られており、7〜8分はかかる。今後の待ち時間の参考にしていただければ。特製中華そばの麺は、多加水ぶりっぶりの縮れ麺。表現は悪いが、後味がうどんのような水っぽさ。他には類を見ない唯一無二の麺。スープはクリアなキレを感じる淡麗。鶏油は邪魔せず上手く上品にまとまり、三つ葉付近のスープをいただくとまた異なる味がして美味しい。麺とスープの相性は良い。具は、豚のレアチャーシュー2枚、鶏のレアチャーシュー1枚、メンマ3本、味玉、三ツ葉、ワンタン1個、ワンタンの皮1個、白髪葱、海苔2枚。巨大なサイズの豚レアチャーシューがバカうまい。鶏もしっとりしていて下味の塩胡椒が効いてる。ワンタンも具がたっぷり詰まっていて、どれも抜かりなし。総じて、麺もスープも具もどれもハイレベル。ただ、個人的にはアベレージヒッターばかりでなく、ホームランを打つ打者が1人いるラーメンの方が好きかな？
10,00000001,手打式超多加水麺 ののくら,4.09,東京都内,394,東京No1、全国No2のラーメン店。長い夏休みで時間がある今こそいかねばと思い立ち、台風がずれて大雨の予報がはずれ、日さえさす9月24日の12時過ぎ、亀有駅を降りあえて並ぶ。12時20分。ぼーっと並んでいると前の方が食券を先に買うことを教えてくれる。店の貼り紙にもあったのに見ていない。ご親切にありがとうございます。食券販売機から一番人気の特選ではなくワンタン1000円をチョイス。単に小銭が見つからなかったから。でもあとで考えればゆで卵がないだけ。だったらこの選択で良しと判断。10人が並んでいる。すぐかな、と思ったが、割とかかる。途中で塩か醤油か女性店員に聴かれ、醤油と答え、食券を渡す。・・・私のように食券買わずに並んでいる人多数。気づけば行列が延びている。店の中に待ち席が２つあり、ここに座るよう呼ばれたのが13時5分過ぎ。すぐにカウンターが空き、7分に着席。ソーシャルディスタンスか、6席しかない。これでは10人でも待つわな。15分には着丼。店の人は若い男女。いい感じ。男性が作ってる。最初の写真はワンタンしか見えない。掘り出すと、、、おお、太麺。手打ちの自家製麺、ってやつだ。いただく。麺は私の好みからするとちょっと太い。これは、と思ったのはワンタン。ただのワンタンではない。中のあんが実にいい香り。チャーシュー2種類。これも味わい深い。豚と鶏だね？スープ、最初は薄いと思わせて、だんだん濃く感じる。味わい深い。美味しい。間違いなく。上品。でもこれが東京1ってのは、まあ好みの問題だな。
11,00000001,手打式超多加水麺 ののくら,4.09,東京都内,394,初訪問です。亀有駅から徒歩で5分ほどの場所にあるこちら。現在食べログのラーメンで全国2位、東京1位です。最近行った食べ歩き仲間に2時半が良いと思うと聞き、平日の2時半に行ってみると店内で1人座って待っているだけでした。よしっ！ということで、5分ほど待ちカウンターに座れました。券売機は入口にあります。本日頼んだのは、特製中華そば　1200円5分ほどで運ばれてきました。海苔2枚、豚の低温調理チャーシュー、鶏の低温調理チャーシュー、メンマ、味玉、白髪ねぎ、三つ葉、ワンタンの皮とワンタンが盛られていました。麺は多加水のプリプリとした食感、最初にすっきりとした醤油はやや酸味があり、表面にしみていました。ここに鶏といくつかの節、昆布の旨味がからんで美味しいです。特に驚いたのは豚ロースのチャーシュー！これは周りを炙った香ばしさと肉の旨味を活かした絶妙な味付けが美味しいです。鶏のチャーシューもプリッとシャクッとして旨味も豊かで美味しかったです。スープがそれぞれによく合うのがいいですね。また、味玉も非常に美味しかった。黄身が中心は液状、外は煮えてる絶妙な具合で味の染み具合も秀逸でした。なによりスープとそれぞれがあっているのがスゴいです。これは人気になるわけだ。コリコリの太めのメンマも、ワンタンもなかなかでした。塩を近々食べたいなと思ってます。心ある店主の接客も評判で、真摯に頑張ってるお店は応援したくなります。ごちそうさまでした。
12,00000001,手打式超多加水麺 ののくら,4.09,東京都内,394,こち亀の舞台としてあまりに有名な亀有に、ラーメンジャンルでは最高峰レベルの食べログ点数を獲得しているこちらのお店があることは以前より知っていました。ただ、私の家からは相当遠いので、いつも訪問前にお店のTwitterをチェック。行きたい日に臨時休業だったりしてタイミングが合わなかったのですがようやく機会を得ました。昼のみ営業オープン11時なので土曜日の10時半には着くように向かったのですが、それでも時既に遅しでした。駅からは10分弱の距離で、お店に近づくにつれもう目に入って来ました。30人以上は並ぶ大行列。歩道を埋め尽くす人に、お店の方ももはやどうしたら良いかわからない状態になっていて、食券を買いに行くタイミングなどがかなりカオスでした。結局、食べられたのは並び始めてから2時間後の12時半でした。並ぶお店もありますが2時間は流石に久し振りです。そんな人気の1杯。特製中華そばの醤油をいただきます。お店の中に製麺機があり、自家製で作られた麺が特徴とのこと。今、ラーメン界の人気トレンドは自家製手打ち麺ですね。淡麗スープにローストポークと鶏のチャーシュー、ワンタン、煮卵、刻みメンマ、海苔、ネギなどまさに淡麗のオールスターですね。鶏ベースの醤油スープの旨みから入り、やはりその麺の素晴らしさです。保水率が高い麺で、本当にツルツルかつ、食感と旨みしっかり。素晴らしい麺ですね。茹でる前の一揉みも含め、細かいところまで手間が掛かっています。チャーシュー他の具材も一切手抜かりなし。流石のレベルだと頷かされました。若い店主さんで礼儀正しい方でした。しかしながら、2時間並ぶのは驚愕ですね。気楽に行ける感じではありません。最近のトレンドでもある淡麗＋自家製手打ち麺というお店でハイレベルなところは結構あるので、並ぶことを考えると他にも同等レベルのお店があるとも思えます。麺に関しては、随一だと思います。
13,00000001,手打式超多加水麺 ののくら,4.09,東京都内,394,亀有駅から徒歩5分、超有名でご存知の人も多い”ののらく”へ。平日火曜12：53到着、15人待ち・・・店内にある券売機でチケット購入してから並びます。オープン1年弱でビブグルマン選出、食べログ百名店など驚異のスピードでラーメン業界をのし上がった超実力派。絶対押さえたいと思っていたので、着丼するまで約1時間が待ち遠しかったです♪・煮玉子 中華そば醤油 970円このお店は塩・醤油が選べるのですが、醤油を選ぶ人が多くて触発されました。最初認証としては麺が独特。さすが手打ちだからか他店に比べてもちもち＆コシもあり、無心で啜ってしまう・・・！醤油ベースにコクのある出汁が美味しい。もちろん具材も。肉厚のチャーシューは豚と鶏の1種類あって、食べ応えあります。あと地味に海苔が美味しい♪時折柚子で爽やかに、上品で丸みのあるスープです。が、私も連れも刺さらなかったです。私は豚骨系、連れは二郎系が好きで、そもそも系統が違うので。１つ１つはレベルが高く、足し算も上手。接客も清潔感も良いので、オススメはできます。-------------------------高評価のお店で微妙な点数をつけるのは憚られるけど、やっぱり好みじゃないかな。上品な美味しさです。他のレビュアーさんが「もうちょっと雑でもいい」とあって、私もそのタイプ。とはいえ超有名店、ラーメン通もそうじゃない人も1度は行って欲しい。人気たる所以をビシビシ感じるお店でした。ただし並ぶので、暇つぶしの準備と待つ覚悟を持って行って下さいね♪
14,00000001,手打式超多加水麺 ののくら,4.09,東京都内,394,特製中華そば(醤油)チャーシューご飯さすがにバチバチ美味かった。これは完全なる名店。店名にもなってる超多加水麺もさることながら、何よりもスープがもうバチバチに美味い。濃い目の醤油スープは、醤油自体の味も上品で美味いんやけど、その裏で幾重にも重なる味の深みがすごかった。魚介でうまく整えられたスープの旨味の最後に、鴨出汁！？とでも感じちゃうかのような動物的な旨味がどーんと控えてて、それはそれは偉大な美味さ。熱々やのに湯気がたってないところを見てもそうやけど、表面に膜を張ってる黄みがかった油分が旨味の秘訣でもあるんやろうなあとか、そんなことを考えちゃうぐらいに美味い。この油の存在が、全体の旨みを押し上げて、かつ調和させてる感じを感じた。超多加水麺は、それはそれで、もはやうどん？と感じちゃうぐらいの食感を持ったちぢれた平打ち麺。この食感もモチモチ系でスープともマッチしてて美味しかった。あとはもう言わずもがなのトッピングたち。低温調理の豚生チャーシューはしっとり系ででも食べやすくて名チャーシュー。鶏ササミの方は、胡椒で味つけられた感じのチャーシューでまあこんなもんかって感じでもあった。ワンタンも、集めのワンタンに中身の肉がしっかり詰まった感じで満足度高い。中身の肉にもハーブ？的な感じでしっかり味が付け加えられてるところに細かな仕事を感じる。チャーシューご飯は、それはそれで一口食べた瞬間に、え？焼肉やんと感じるぐらいにしっかりとごろっとした肉がわんさか乗ってる。酸味系の塩ダレで和えられたこのご飯自体のレベルもくそ高い。ご主人と奥さんの二人でやってる感じの店やけど、どちらもすごく物腰柔らかくて素敵な人柄。ラーメンにその丁寧さが反映されてるなとすごく実感。そんな名店。
15,00000001,手打式超多加水麺 ののくら,4.09,東京都内,394,"2020年、ラーメン103杯目(^^)本日、朝イチで営業を済ませ、次の打ち合わせまで時間が空いたので、脚を伸ばして亀有に行ってみた。言わずと知れた名店「ののくら」さんに行く為だ(^^)食べログでは2020.08.27現在4.09と、都内No.1の高評価のお店。亀有駅で下りると、まずは両津・中川・麗子がお出迎え〜(^^)いよっ！皆さん！暑い中ご苦労様です(^^;OPEN30分前の到着で、お店の前には15人の列(>_<)いやぁ…さすが人気店だわさ(°o°)もうここまで来て、諦めると言う選択肢はないもんなぁ！11時にOPENし、途中、券売機で「特製中華そば(醤油)1,200円」をポチッとし、再度列に戻って並ぶ。次はいつ来られるか分からないし、これだけ並んだんだからと奮発しちゃったよ(^^;お店に入れたのが11時45分(^^;75分待ちかぁ…こんなに並んだのも久しぶりだわぃ(>_<)10分弱で着丼〜♪おぉ！綺麗で豪華なお顔の丼だわさ(^^)これだけ待って、不味かったらシャレにならんけどね。早速スープからいただきやす！へぇ…醤油がふわっと来るんだね！丸鶏、昆布、煮干し…色は濃いのに、なんつー優しい味なんだろう。しかもキリッと引き締まっていて、これは旨しだよ！鶏油は若干多めだが、クドさがないので最後まで飽きずに、同じ美味しさを保ったまま味わえるとは素晴らしい(´∀｀*)麺は自家製で、多加水の中太の縮れ麺。もっちもちで、麺そのものが旨いわ〜(^^)ローストポークもワンタンも、メンマも味玉も、全てに細かい手が加えられており、文句なしの旨さだったよ！久しぶりに完食完飲だわさ〜(^^)確かにもうチト安いと嬉しいけど、まぁこれだけの具材、これだけの旨さがあれば致し方ないところかね。だけどこれで980円位だったら、満点付けちゃう所だったな〜(^^;久しぶりに突き抜ける一杯だったよ！本当に美味しかったわぃ(´∀｀*)ごちそうさま。"
16,00000001,手打式超多加水麺 ののくら,4.09,東京都内,394,※食べログ始める前に行ったお店の更新です。やっっっっと念願の《ののくら》さんに。近所にミシュランにも載ったラーメンランキング東京1位、全国2位✨の名店があるのにほんとにいつもタイミングが合わず。。ちゃんとソーシャルディスタンスを保ち、1時間ちょっと待ってやっと入れました。店内は6席しかないのでいつでも行列です、、.《特製中華そば : 醤油》極限まで加水率を上げた噂の“超多加水麺”はプルプル、もちもちで衝撃！ピロピロの極太麺はスープが良く絡み今まで食べたラーメンの麺の中で一番美味しかった✨✨トッピングも最高の一言！叉焼は豚と鳥の2種！大判の炙りチャーシューは超柔らかくジューシーでめっちゃうまい！！煮卵も完璧な半熟！スープも旨すぎていつもはあんまり沢山飲まないんだけど半分以上飲んじゃった。笑完成されたラーメン。《中華そば : 塩》私はどちらかというと塩より醤油を選びがちなんですよ。塩だとちょっと物足りなくなる事が多いので。でもののくらさんの塩はスープ一口飲んで衝撃！うっっまーーーい！！！笑笑相方が塩食べてたんですけど、スープめっちゃもらった。笑笑鶏ガラベースのどっしりしっかり！！塩ラーメンが物足りないなんてもう言いません。笑.《叉焼丼》最初ラーメンだけだったんですけど、隣の人が頼んでいて相棒が思わず追加注文。笑あの最高の叉焼がどっさり！口に入れた瞬間タレとごま油の風味が口に広がってうまっって声が溢れた。笑七味の香りとピリッと感も良い✨✨お腹に余裕がある人は絶対一緒に注文するのをおすすめします！！.＊グルメInstagramはこちら▶︎makichangum
17,00000001,手打式超多加水麺 ののくら,4.09,東京都内,394,"『手打式超多加水麺 ののくら』までの詳しい道順・アクセスはブログにアップしています。https://xn--qck4e3a318y34z.com/「ののくら」がお店を構える亀有周辺には、日本で有数のつけ麺屋『つけ麺 道』やミシュランガイド東京2020でビブグルマンを獲得している『吟八亭 やざ和』など数多くの名店が軒を連ねています。ちなみに、「ののくら」もミシュランガイド東京2020でビブグルマンを獲得しています。この日は、平日の10時30分頃に1人で訪れました。到着した時には既にお店の前に15人ぐらいの行列ができており、そのまま、その行列に並ぶことに。そして並ぶこと1時間たった11時30分にようやく入店できました。入店した際の、行列は40人～50人に膨れ上がっていました。食券は、並んでいる途中に券売機で購入するスタイルで、『特製中華そば（醬油）1,200円』を購入しました。ラーメンが提供されてまず、目が行くのは、黒く輝くスープです。一口飲んでみるとその、繊細な味に衝撃を受けます。醬油をベースに、煮干し、鶏、昆布などの出汁が良く効いていてクセになるスープです。そのスープがしっかり染み込んだ、トッピングのワンタンは、単品で発売していてもおかしくない一品です。また、「ののくら」のラーメンといえば、プリプリの食感の超多加水麺が特徴です。一般的な多加水麺よりも高加水率の麺は、まるで香川県の名物「讃岐うどん」のような食感でスープとの相性も抜群です。スープと麺だけでなく、トッピングも一つ一つ丁寧に仕上げられており、炎天下のなか並ぶ価値のある一杯でした。ラーメン好きな方は、亀有に寄った際、是非一度訪れてみてください。"
18,00000001,手打式超多加水麺 ののくら,4.09,東京都内,394,"夏季休暇ながらコロナ禍で自粛ムード、ならば普段伺えないお店に行こうと伺ったのが此方。2017年12月開店ながら8月現在食べログ百名店ラーメン店では中華蕎麦とみ田に次ぐ第2位、ラーメンでは数店舗しかない4点越え(4.09点)です。平日お盆前ですしコロナ禍と酷暑の影響で並びは少ないと思い、開店頃に伺いましたが、淡い期待は脆くも砕け散りました。到着した頃には20人以上の列、しかもソーシャルデイスタンスを取るようにスタッフさんに言われ、長い列が出来ました。それでも1時間位で順番が回ってくるだろうと思ってジリジリと照りつける炎天下の中、ひたすら待ちます。並び始めて1時間半で漸く着席。ペットボトル2本飲み干しました。正直回転は遅いと思います。座席数がこの日は6席と少ない上に、自家製麺が太く茹で上がるのに時間を要するからでしょうか。特製中華そば醤油1,200円を注文。店前には製麺所が有り、百名店入りするには自家製麺所が条件になりつつあるのかなと感じます。女性スタッフが1人いますが、調理はご主人1人でされています。程無くして着丼。黒茶色したスープに大きめの豚鶏チャーシューが覆い、合間から穂先メンマが見え、浮いたように半熟玉子、傍らに刻み葱、三つ葉、海苔が添えられています。先ずはスープ。深みの有る醤油に丸鶏メインに煮干、節、昆布等の魚介出汁が加わって円やかで旨味が有ります。後味も風味が漂うように尾を引きます。ウェーブのかかった自家製超多加水麺はコシが強く粘度も有り、プリプリしながら口の中でまとわりつく感じ。低温調理されたチャーシューは豚と鶏共に厚く、特に鶏ムネ肉はしっとり柔らかくスープも染み込んで今迄の鶏チャーシューの中で一番美味しい。豚チャーシューも肉の旨味が閉じ込められたレア感で正にローストビーフ。半熟玉子や穂先メンマもまずまず。食べ終えた感想は一杯毎に真摯に丁寧に妥協せずに作られた至高の一杯との印象。炎天下の中で長く待ちましたが、待った甲斐の有る一杯だと思います。ご馳走さまでした。"
19,00000001,手打式超多加水麺 ののくら,4.09,東京都内,394,《東京都葛飾区》JR亀有駅から徒歩約４分、食べログのラーメン東京でトップに君臨するお店『手打式超多加水麺 ののくら』【2020.8.8】訪問ラーメン部門の2019年TOKYO百名店‼️食べログのラーメン東京でトップ（2020.8.8現在）となると、とんでもない行列〜(*_*)２時間近く待ちましたね〜『特製中華そば 醤油 1200円』を注文人気の醤油ラーメンにしました✌️ビジュアルは素敵ですね〜濃口の醤油ラーメンという感じ〜うまそ(^｡^)スープは洗練された味わいで美味い‼️これはスゴいスープだなぁ〜上品だし深い(^.^)けれど珍しい味かと言われれば、否(°▽°)ただ醤油ラーメンとしてハイレベル✌️麺はもっちり縮れ麺ですね〜個人的には好みじゃないですね(^.^)もっちり食感でスープにはよく合うけど、ストレート麺の方が喉ごしがイイし、好きですね〜これは完全に好みの問題...チャーシューもレアで美味しい‼️ワンタンや味玉もスープとマッチして美味しいし、完成度の高い一杯ですね✌️ごちそうさま〜♪♪
20,00000002,Homemade Ramen 麦苗,4.06,東京都内,695,平日休みを利用して訪問。10時くらいにお店につき、ボードを見ると最短で12時の枠に空きあり。週末なら９時前からボードが出るまで並んで待たないと無理。名前を書いてから、駅まで戻りカフェで読書。11時50分くらいに戻ると、名前のチェックがあり、順番に食券を買ってもうちょい待つ。そう言えば以前は20分間隔だったけど30分間隔にしたのかな。連食したり、ご飯もの食べたりする人も多いから、この方が余裕があっていいね。本日も上醤油特製と、和牛ご飯。ビールは我慢。お店の改装後は初めてだったけど、いつも通り美味しかった。そう言えば、特製に玉子が復活したね。
21,00000002,Homemade Ramen 麦苗,4.06,東京都内,695,平日のお昼を回った午後2時ごろにお邪魔しました。昼時をすぎているにもかかわらず、外には約10名のお客さんに加え、予約リストに午後2時30分以降までの名前が記載してありました。仕方なく午後2時40分ごろの予約で名前を記載し、駅前で時間をつぶした後、お店へ再度向かいました。ほぼ時間通りに店内に案内されて着席。注文したのは「醤油ラーメン」(1000円)「特上トッピング」(500円)。特上トッピングにはワンタンと煮玉子、牛チャーシューと鶏チャーシュー、海苔がトッピングとして付きます。約5分後料理が登場。麺は細いストレート麺で鶏ガラに魚介の旨味が効いた醤油スープにとてもよく合います。ほのかなゆずの香りと醤油の香りが非常に引き出されたとてもおいしいスープです。具材も非常に洗練されていて、まさに至高の一杯と言えるものです。全てがおいしさの極致といっても過言ではありません。とても良いものもいただきました。ごちそうさまでした。
22,00000002,Homemade Ramen 麦苗,4.06,東京都内,695,特上 醤油　　　　　　　　　　　　　13512月5日、今日の昼食は、先月末から営業を再開した久しぶりの麦苗です。朝、かみさんを仕事に送ってから急いで電車に飛び乗り、9時30分過ぎくらいに到着出来ました。土曜日は9時にウェイティングボードがでるので、早い時間はすべて埋まっていましたが、なんとか12時50分の回に記入出来て一安心。待ち時間は約３時間なので、大森駅前で一人カラオケして時間を潰します。指定時間にお店に戻ると、比較的すぐに食券購入を促されました。醤油　　　　　　　　　　　　　　1000円特上トッピング　　　　　　　　　  500円実家の魚飯　　　　　　　　　　　  550円券売機を確認すると、トッピングが上と特上の2種類に別れていました。のりや味玉は少なくてもかまわなかったのですが、ローストビーフと手火山式鰹節は外したくなかったので特上をチョイス。限定10食しかない実家の魚飯もまだあったので迷わず選択しました。そのままじゅんちゃんに食券を渡し、ほんの数分で入店となりました。青麦のオープンに伴い変更もいろいろあったようで、ご主人とじゅんちゃんの他にもう一人男性スタッフが増えていました。主に接客担当のようですが、細かくじゅんちゃんの指示を受けていたのでまだ新人さんみたいですね。ただ、じゅんちゃんの負担がだいぶ軽減されているのは見てわかりました。オペレーションが前以上にスムーズです。提供も今までで一番早かったような気がしました。具だくさんの特上トッピング。黒毛和牛のローストビーフと林SPF豚のチャーシュー2種類。鶏胸肉はは賽の目状で食感を楽しめるようになっています。復活した味玉と肉雲呑やメンマ、海苔は計3枚、薬味のネギもあって超豪華に見えますね。それではさっそくマスクを外して麺を啜ります。自家製の中細ストレート麺を啜り上げれば、まずは持ち上げられたスープの旨みが口いっぱいに広がります。鶏と魚介の出汁に加わる複雑にブレンドされた醤油ダレ。それがバランス良く重なり、いろいろな旨みが次々と出てきます。そして麺を噛みしめると感じる小麦の風味。もうたまりません。途中で添えられた手火山式の本枯鰹節を投入すると、さらに広がる鰹節感。それぞれの具ももちろん美味しく、しかも麺やスープとの相性も抜群。気がつけばスープ以外はすべて食べ尽くしていました。そこで実家の魚飯に移ります。ご主人の実家はこだわりの魚屋さん。そこから仕入れた刺身を、土鍋で炊いた南魚沼産コシヒカリにのせるのだから美味しくないはずはありません。今日は鮪の漬け丼だったのですが、刻み海苔もたっぷりでとにかく鮪の味を濃く感じました。美味しく食べ進め、最後はスープまですべて飲み干して完食です。じゅんちゃんに復活した味玉のことを聞いて見ると、青麦の人たち(お弟子さん)が殻を剥いてくれるから。と言ってました。ようは殻剥きが嫌になって味玉を止めていたという話しなんですが、本当なんでしょうかね？真偽のほどはわかりませんが、青麦が出来たことにより、麦苗自体もより良くなっているように感じます。帰りしな、来月は青麦の方に行く予定とご主人に告げると、よいお年を。と挨拶されました。そういえばもう12月。来月は来年なんですよね。ごちそうさまでした。
23,00000002,Homemade Ramen 麦苗,4.06,東京都内,695,2020年12月5日（土）昨日は1年10ヶ月ぶりにこちらの店を訪問です。前回は友人に誘われて訪れたのですが、ラーメンの為に行列に並んだのはこの時が初めての事でした。ただ、味は正直さほど印象に残っていないので、今一度確かめたいと思い今回改めて訪れてみました。尚、コロナ禍対策で行列を避ける為、今は朝9時からウェイティングボードに記帳する方式との事です。先ずは記帳する為に8時48分に訪れてみると、案の定店の前では既に9名の先客が記帳待ちの状況です。定刻と共に記帳が始まり、私は二巡目での予約が可能であったものの、今回は敢えて最終枠に記帳して一旦店を後にしました。理由は勿論「多賀野」を訪れる為です（笑）その後15時15分に再び戻ると食券の購入を促されたので、一旦店内で「醤油」の食券を購入して店員さんに渡しました。そして、再び店外で待つ事14分ほどで漸く店内に案内され、席に着いて更に待つ事5分ほどで待望のラーメンが到着です。透き通った醤油スープには鶏油が適量浮いていて、ストレート中細麺の上にはチャーシュー、メンマ、白髪ネギ、海苔が乗っています。因みに、白髪ネギの上には青ネギの輪切りが紛れ込んだかの様に少量添えてありました（笑）先ずはスープを飲んでみると、醤油の軽やかな風味と共に緻密でいて上品な出汁の味わいが口の中にジワリと広がります。出汁は鶏が主体と思われますが、昆布の甘味で味に奥行きを与えつつも乾物魚介の風味が味の僅かな隙間を埋めている様に感じます。また、スープからは生醤油の香ばしい風味を感じるものの、あくまでも出汁の味わいを底上げする程度に存在している印象です。次に麺を食べてみると、多加水寄りの中細麺が適度な硬さに茹でられていて、靱やかなコシや弾力と共に多加水麺では有り得ないほど鮮明な小麦粉の風味を感じます。そして、麺にはスープがほど良く絡み込むものの、麺自体の風味が極めて強い為にスープの絡み具合には殆ど意識が及びません。次にチャーシューを食べてみると、低温調理でレア気味に仕上げた豚腿肉と豚肩ロースが何方も適度な厚さにスライスされています。豚腿肉は肉々しい弾力を存分に保っていて、噛み締めると赤身の濃密な旨味と共に燻煙を帯びた香ばしい風味が口の中に広がります。一方、豚肩ロースは塩味で軽めに味付けされていて、噛み締めるとまるで高級ハムを彷彿とさせる上質な味わいが舌に存分に伝わります。食べ終えた感想ですが、少なくとも前回よりは格段印象に残る味わいでした。スープは極めて丁寧に作り込まれていて、確かに素晴らしい味わいではあるものの、この店ならではの印象を植え付けるには今一つ決め手に欠けている様に感じます。一方、麺は正に唯一無二の仕上がりで、こちらの存在を強く印象付けるに充分値する味わいだったと思います。ただ、醤油の名店が並居る都内において、早朝から予約を求めるに値する味かと問われると、私個人的にはやはりそこまで魅力的な味には感じませんでした。また味を忘れかけた頃にでも改めて訪れたいと思います。ご馳走さまでした。
24,00000002,Homemade Ramen 麦苗,4.06,東京都内,695,「青麦」立ち上げのお休みから2ヶ月ぶり再開「麦苗」へ朝ウェイティングで予約した時間に向かう。いりこらあ950円と特上トッピング500円。久々にいりこのいい旨味が口に広がりコレコレと、麺はつるシコ、トッピングは牛豚鶏揃い踏みチャーシューにワンタンも加わり、温玉、海苔、メンマと勢揃い入り。そして、2杯目限定めんたま160g冷 700円。冷なので絞めた麺が凄い弾力。甘辛ダレと合わせ麺を味合う。やはり旨い、満腹満足。
25,00000002,Homemade Ramen 麦苗,4.06,東京都内,695,東京は大森駅エリアにあるラーメン100名店です。姉妹店の青麦の開店にともない10月頃から休店していましたが、11月22日(日)より営業再開となりました。今年も食べログ2020bronzeに選ばれています。メニューはこれまでとほぼ同じです。メインのラーメンは、醤油(1000円)に特上トッピング(500円)を注文しました。さらに、待っている時間用にビール(500円)とメンマ(200円)もいただきました。■醤油ラーメン　+  特上トッピング日本の美味しい食材がつまった見て美しく食べて美味しいラーメンです。○スープ天然素材にこだわった化学調味料0で作られたスープは絶品。○ラーメンこだわりの自家製麺です。もっちり感、適度な歯ごたえ、するりとした喉越しがあります。毎朝作りたてだからこそできる生麺の食感はバツグン。○具材特上トッピングは、これまでの上醤油の具材に、煮卵が加わっています。具材は、ワンタン、黒毛和牛のチャーシュー(ローストビーフな感じ)、豚肉のチャーシュー(林SPFというブランド豚)、茹でた鶏肉(宮崎地鳥)という構成。3種のお肉の味で満足できます。煮卵は、橙色の黄身が美しい。全体と調和する適度な味加減でした。■お酒ビール3種:瓶ビール500円　クラフトビール2種日本酒3種:鍋島というレアな日本酒です。愛山700円、秋上がり600円、特別純米500円。■今日の状況9：30ごろにお店にいきウエイティングボードの予約枠にエントリー。予約できたのは13:40の回でした。13:40 お店の前に到着。しかし進行は1時間遅れとなっているとお知らせあり。(30分後に来ても良いと言われるけど、行くところは近くにない)14:15ごろ　やっと食券購入の案内　(到着後35分経過)14:28入店　ビールとメンマ登場　(到着後48分経過)14:47やっとラーメンを食べれました　(到着後67分経過)※ここでラーメン食べようと思うと半日つぶれます。※久しぶりの営業で2人でまわしたので、時間がかかったのかもしれません■ならび方まず営業日をと営業時間帯をお店の公式ツイッターで確認してください。営業時間帯や営業日が不規則なことがあります。※公式Twitterhttps://twitter.com/akihiro_fukaya?s=21昼の部は９時にウェイティングボードが店前に貼り出されます。そこに代表者の名前をカタカナで書き、人数を⬇︎で表現します。名前を書くのは代表者だけでよくなっています。9時過ぎに行った場合、13時以降の15時頃の枠しか残ってないことが多いです。開店のタイミングで入りたい場合は9時より前にならぶ必要があります。稀にキャンセルが出て、夕方に空きが出ることもあります。※姉妹店の青麦も営業されています。こちらもTwitterの公式アカウントがあるので事前に確認されることをオススメします。
26,00000002,Homemade Ramen 麦苗,4.06,東京都内,695,2020/9 lunchチョー久々にこちらに。なんと2年半ぶり。。。かき氷は食べに行っているんだけどなぁ。行こうと思ったのは、食べログの点数が4点を割っていたから。それは私的には許せない。なので、レビューを書いて点数を上げますよ。私が行っていない間にシステムも変わっていまして、今は店頭の時間別のウェイティングボードに名前を書くシステムのようで、書ければ、その時間に戻ってくればいいという楽なシステムに変わっています。(これも問題はあるんだけど。。。)店内はカウンター席のみ。コロナ対策で席と席の間に、飛沫防止のボードがありました。醤油ラーメン1000円いつもはいりこですが、今回は醤油にしてみた。スープは醤油を感じる。麺は自家製の平打ち気味。チャーシューは噛み応えがある。メンマがいい。流石の一杯。休みに入る前に食べれて良かった。繁盛しているラーメン屋は行列で苦労している。この日も待っている間に、大人しく待てない客が多い。通りをふさぐ、大声で喋る、隣の店の入口を塞ぐ、時間通りに戻ってこない。ホントひどいわ。若い二人が頑張っているのだから、応援できないだろうか？麦苗には多数のファンがいるし、大多数の客は無害だけど、ほんの一握りの客が2人を悩ませる。ホントかわいそうだよ。
27,00000002,Homemade Ramen 麦苗,4.06,東京都内,695,2020年9月　4年ぶりにお邪魔しました。●店舗は・・・・JR大森駅と京急大森海岸駅の中間ぐらい。以前は大森海岸駅から来る場合は歩道橋を渡る羽目になったが、横断歩道が出来て楽になった。店舗は小規模。カウンターのみ。コロナ対策で、各席テーブル上に仕切りあり。仕切りが非常に凝ってるのが特徴。Boseのスピーカーから心地よい音楽が流れていた。店内は自分の注文品以外撮影禁止、香水強い人の入店禁止などルールあり。壁に、ミシュランやら百名店の表示がいっぱい飾ってあった。以前は大行列店だったが、今は記帳制で開店前の行列は無くなったようだ。代わりに、記帳の予約時間まで、どこかで延々と時間を潰す必要あり。昼は9時からだったっけ？、平日夜は17時から予約記帳可能。当日も、名簿は17時少し前に出てきた。時間きっちりしてますなあ。名簿は30分ごとに入店時間が区切られていて、各々9名（だっけ？）の人が入れるシステム。7月に偵察に来た時は、記帳例が、ラーメン店いっぱい行ってる私でもシステム理解するのに1分以上を要した、いわゆる、常連さんと店側視点の一見さん泣かせ。こりゃ大人数並んでたら初回訪問客大変やな、非常連客が大行列下で早く書こうとマスク付け忘れて名簿の書き方を聞いてきたら女将さんイライラするわなと思ったものだが（笑）、この9月訪問時は、人数だけ書けばいい、初心者に優しい分かりやすいシステムに。（もしや、休日は名簿書き方違うとか？）慣れてない私でも5秒でサクっと名簿記載して休憩場所へ。個人的には、このシステムは帰店時間を指定出来るので、他ラーメン店とハシゴしたければ非常に助かる、遠征組には非常に助かるシステム。あと、大森は時間潰すとこ無さそうで実はあるし（←時間潰すとこ書いて人が集まりすぎてトラブル起きたらまずいので控える）。その気になれば品川水族館やら大井競馬場でも余裕で徒歩圏なので観光可能。ただし、土日は名簿記載争奪戦が熾烈みたいなので要注意。あと、デポジット取らないので、訪問動機薄い連れまで代表者が名簿に書いてしまうのか、予約無視ノーショーが結構起きてるようなのが難点か。とりあえず、店のシステムとしては非常に客側に快適なシステムである。●モノは・・・・上醤油　1300円　＋　かけ塩　700円合計　2000円。　ラーメン店としては、価格だけ見ると高価格帯。4年前は、5食限定の煮干し増しのラーメン食べたから、今回は、上醤油で。あと、二杯目限定　の食券ボタンを押した。着席後、食券渡したら、二杯目は二種類からどっちにするか女将さんが言ったから、特に考えずに、かけ塩　と言うと、「かけ塩は　一杯目をお勧めしてます」とのこと。　スイーツと一緒で、淡いの→濃いの　って食べないと味が潰れがちってことなのかなあ？しかし、当日寝不足気味だったのだが、一杯目は醤油だとタカをくくって、待ち時間～入店直前まで、　眠気覚ましに、ミンティアのクリスタルシルバー　めっちゃ効くミントを舐めてたのであった（・∀・；）←アホ当然、淡い系の、かけ塩の感想は不正確に（泣）とりあえず、けっこう熱い温度で到着（成城青果の塩ラーメンほどの熱さではないが）平打ち麺の風味や、ふっくらした食感が非常に明るく透き通って見通し良く、柚子風味が絶妙に効いていた。　スープは　かなりの引き算系。　なので、口の中の残存ミントが（死）入ってた玉ねぎも荒い風味は排除された明るい風味。　一番目立ったのは、中に入っていた細かい鶏肉。　ブルーチーズみたいなニュアンスあって肉質の旨味が際立っていたが、どこで誰が熟成させたのだろうか。このブルーチーズみたいなニュアンス、大阪のフィッシュトンズの絶品チャーシューでも感じたが、最近のA級ラーメン屋の他分野技術導入は目を見張るものがあるな。コリコリした食感が絶妙のアクセント。全体を通して、ビュアさ極まる、非常に良い、かけ塩だろうなって感触。かけ塩は、ちょうど良い食前酒みたいなもんで、口の中のミントが綺麗に流れたところで、上醤油到着。上らぁ麺スープは、舌の上で柔らかく、ふっくら広がる感触が絶品。  特に、醤油の核心の素材の旨味と僅かな酸味が広がるのが素晴らしい。もちろん雑味皆無。 醤油の味をダイレクトに感じるのではない引き算系スープながら風味の弱さ皆無の極上A級スープ。麺は中太のストレートで、小麦の良い味が出た、こちらも雑味無く風味豊かな麺。チャーシュー黒毛和牛  武州和牛とか書いてたが、ねっとりした肉質と旨味内包した脂身 かなりうまい。どこから仕入れてるんやろ？　チャーシュー豚  赤身脂身の旨味バランスが秀でていた。炭火の風味はしないものの、きっちりした風味が浮き出ていた。引き算系スープのあの極上余韻に、炭火の風味は無い方がいいのかもしれない。ワンタン　プリプリしてて絶妙な味付けで非常に上質。1300円は高価格帯ながら、黒毛和牛やら林SPFポークやらグルメ素材のオンパレードなので、かえって割安なぐらいである。●接客は・・・・店主と女将さん　二人。店主様は、4年前同様、黙々とラーメンを造っていた。麦苗名物の女将さんは、  4年前に訪問した時、情報収集のアンテナ高くて、対人スキルはラーメン店のカテゴリーでは図抜けて高く、仕事も出来るスペシャルな方だと思ったが、今回訪問時もそんな感じ。まとってる雰囲気が、4年前は普通な感じだったが、今回は、著名リストランテの腕利きカメリエーラみたいな感じに進化していた。　昔、名古屋の大人気イタリアン、ガッルーラにいてらっしゃった、圧倒的に仕事が出来たカメリエーラM氏の雰囲気に近くなってるのに驚いた。　出来る方は雰囲気が似通ってくるのだろうか。　無鉄砲のメグミさんと並んで、歴代ラーメン女将ツートップでしょう。過去ツイート他情報から、熱烈な常連が付いてる模様からして、大人気の梅田の某ケーキ屋に近い店作りな気もしないでもない。　ただし7月にSNSで？なツイートをしていたので、どうしたものかと、ちょうど東京行き予定入ってたから、予定空けて隣のかき氷店訪問時に遠目で店を偵察したところ、コロナ下で、いろいろと肉体的精神的ヒューマンリソース削られたせいか、店全体（隣のかき氷屋も）ギスギスした印象が鼻について、どうしたものかと思った。（定期的訪問なさってる常連方々がこれ見たら、何言ってるんだこいつって思うかもだが、4年の空白期間経ての訪問だと、上記の感想）7月当時のフェイスシールド＆マスクでも、同時期訪問した　横浜の超有名店アジキさんとこ、ヴァンドゥーズ7人がかりでも多忙なところフェイスシールド＆マスクだったけど、雰囲気極めて良かったしなあ。初回訪問時4年前の感想に、＞店員少人数+行列店ゆえの、いろいろな問題が出てくる懸念はありますけど、と書いたが、人気沸騰で、その懸念が出てきたのかなあ。しかし、9月店訪問時には、通常モードに戻っていたので安心である。また自家製麺所移設拡張+店内改装+弟子養成による増員でヒューマンリソース追加策を取ってきた模様。さすが出来る店は違いますなあ。9月訪問時に女将さんと喋ろうかと思ったが、食べ終わったら次の予約時間区切りまで2分だったので、次のゲストが外でお待ちなことだし、スゴスゴと退店。総評　★★★★☆　4.8さすがに評判のハイレベルな純A級ラーメン。　店づくりにも成功。具材がいいので、1300円の上を注文推奨。高価格帯だが相応の具材だからCP悪さは無し。ただ、冷静に考えると、1300円に丼物や二杯目頼むと2000円近く。2品の純A級となると、抜群に良かった★取ってる広尾Hのラーメン？+一品ものと値段変わらないし、、、とか脳裏に。　あちらが★4.9にしてるので、こちら★4.8で。4年前★4.9にしたが、御品自体は当時と遜色無いかそれ以上ながら当時より300円ちょい値段高いのを考慮すると、この点数で。また秋ぐらいに、見つからないようにコソッと訪問しようと思う。なお、こちらの店、ラーメンからの香りを大切にしてる故に強い香水つけてる人は入店不可だが、良い子は入店前にクリアミントなめるのは、B級ラーメンと違って味が音痴になるからやめましょう（・∀・；）←
28,00000002,Homemade Ramen 麦苗,4.06,東京都内,695,ここ最近、毎週のように麦苗のラーメンを食べれている、近ければ毎日でも食べたいと思うほどです。とにかくトータルバランスが圧倒的！本日は悩んだ末に上醤油をいただきました。ひと口めに地鶏の旨みがブワッときます。あ、やべえ旨すぎる、すぐふた口目、スープを飲むレンゲが止まりません。そこを抑えて麺に行きます。シコシコな自家製麺はスープとのバランスを考えて加水率をほどほどに、噛むと小麦の旨さも感じる仕様。食べ進むと節や煮干しも顔を出し始めて来て、終盤に小皿で提供される手火山式鰹節を投入すると一気に鰹の風味、旨味が溶け込み味がブースト！ほんと旨いなぁ。トピのチャーシューも完璧な火入れで肉感を残しつつ柔らかさもあってめちゃくちゃ旨い。ワンタンの餡もお店でミンチされ他では味わえない食感。何から何まで美味しい。それにしても今日の上醤油は格別旨かったなぁ。そして今日は実家の魚飯。こちらの鮪、味が濃いんです。魚の旨味が濃厚でほんと旨い。かなりの上物を使用した漬け丼はねっとりとしてトロけます。何から何まで拘っている麦苗さん、やはり自分の中ではNo. 1です。
29,00000002,Homemade Ramen 麦苗,4.06,東京都内,695,都内屈指の有名店！！特に意識していたわけではないのですがこちらが今年200杯目のラーメン(つけ麺含)となりました 笑平日午前8時40分頃到着。自分で10番目でした。ここは記帳制なので11時〜12時台で食べたい時はこのように朝早くから並びます(￣∇￣)一応、昼食分は9時頃から。夜食分は17時頃から記帳スタート。この日は開始と同時に20人近く並んでいました。入店時間は11時から約30分刻み。自分は2巡目の11時半(^^)注文は「上醤油」¥1300上にするとプラスされるもの・黒毛和牛・鶏チャーシュー・林SPFワンタン・海苔 2枚醤油には柑橘果汁を泡状にしたものも乗ってきます。スープは6種類の醤油に地鶏を中心として林SPF、黒毛和牛魚、野菜などを使ったもの。また、無化調且つ酵母エキス等も不使用。1口飲んで分かりますがこれほど「上品」という言葉が似合うスープは他にないんじゃないかな(´∀｀)めちゃくちゃ美味いっす。自家製麺も歯切れのいいものでツルツルっと気持ちよくすすれます。トッピングのチャーシューたちもどれもほんっとに美味かった〜。ワンタンも丁度いい熱さで食べやすく皮、餡ともに美味い！上醤油には「手火山式鰹節」が付いてきます。手火山式というのは鰹節を作る時の薫乾方法でかなり希少性の高いものらしい。中盤に丼底に入れて食べると良いということで試してみると香りがグッと増します！人気すぎてなかなかハードル高いお店ですが行く価値は十分ある1杯だと思います(^○^)
30,00000002,Homemade Ramen 麦苗,4.06,東京都内,695,2020/08/03(月)5度目の訪問！現在は蜜を避けるために、事前記帳(予約)式になっています受け付けは9時から各時間帯8人の枠があり30分間隔で枠を設けている模様9時半頃到着で11:00 11:25 11:55やその後の枠もチラホラ空きがありました蒲田の鳥久に予約していた弁当を取りに行き大井の洗車場に行く予定だったので余裕を持って11:55の枠に記帳しました大井の洗車場が思いの外混んでたので余裕を持って正解でした関東も梅雨が明けたので皆さん洗車にいらしてたのかな？定刻ちょっと前に戻り店前の路上パーキングが空いてたのでラッキー！記帳式だと待ち時間が少ないので駐車代が300円で済むのはありがたいです入口入って右側の券売機にてワンタン麺1300円の食券を購入しましたつけ麺を食べたくて伺ったのですが、券売機横の吹き出しに、「限定つけいりこはワンタン麺の食券を買い渡す時に店員につけと言って下さい」との説明書がありました店内はカウンター席のみ席間にはコロナ対策の衝立がありました相変わらず感じの良いご主人と奥さまでの切り盛りほぼ1年振りの訪問なのに覚えてくださっているとは流石ですね同じ商売人として頭が下がります先ずは麺からサーブ←つけ汁が冷めやすいつけ麺にとってここはとても大事だと思います続いて塩と揉み海苔の入った小皿ちょっとしてつけ汁がサーブされました麺は細ストレート麺で量は茹で前250gの自家製麺麺の上には低温調理の焼豚と海苔先ずは塩をふりかけていただいてみると、細麺なのにかなりの弾力がありめちゃくちゃ美味しい！何かの汁に浸かっていて塩だけで完食してしまいそうなくらいの美味しさですつけ汁は嫌味のないいりこの出汁感でとてもあっさりしています 塩味がそれなりにあるので麺に負けてる感もありません何由来なのかほんのり清涼感も感じられました暑い夏にピッタリなメニューだと思いますごちそうさまでした^ ^
31,00000002,Homemade Ramen 麦苗,4.06,東京都内,695,"ディナーのオープンは18時なのですが17時からウェイティングボードが出るのでそこに名前を書いて指定の時間に戻ってくるシステムです。17時10分前くらいに到着するとすでに９人くらい並んでおりまして、残念ながらギリギリ１巡目を逃してしまいました。指定の時間に戻って少し待ってけっきょく19時くらいに店内に入れました。そして残念なことに、２杯目限定の塩ラーメンはその頃には売り切れてしまっておりまして、けっきょく上醤油（税込1,300円）のみを注文。ウェイティングボードに２杯目限定も頼むと記入したところで確実に食べられるわけではないので安心できません。スープは何かの味が際立ったりするのではなく絶妙な旨味のバランス。麺は滑らかにまとわりついてくるような独特な舌触りと食感が素晴らしく美味しい。チャーシューもどれも絶品で、黒毛和牛はもちろんのことコリコリした鶏肉もとても良かった。食べ終わった後にこのお店の煮卵も食べたかったなぁと感じたのと、隣のお客さんが食べていた牛飯もかなり美味しそうだった。これまで食べた都内の醤油ラーメンでは間違いなくトップクラスだと思った。近所に住んでいるわけではないのでウェイティングボードに名前を書いた後にどう時間を潰すかなどなかなかハードルは高いがまた行ってみたい。"
32,00000002,Homemade Ramen 麦苗,4.06,東京都内,695,"ラーメン100名店に選ばれた人気のお店自宅から近いけど、いつも行列なのでもう行けること無いかなと思っていたがご近所の常連さんにお誘いいただき再訪問自分の家より遠いのに朝早く予約を取っていただき感謝予約の時間にうかがうとさほど待たずに案内いただけた入口の券売機で食券を購入ここんとこ引きこもり生活だったんで昼から贅沢に注文しちゃった■上醤油：1,300円■林SPF豚飯：500円■日本酒：600円・日本酒券売機には日本酒としか書かれていないが3種類の日本酒は全て鍋島日本酒あんま詳しくないけどこれは貴重だよと聞くと旨さがアップする・上醤油黒毛和牛肉鶏肉チャーシューSPSとワンタン色濃ゆいスープはめっちゃ上品レアチャーシューにパツパツの麺海苔もそこらのとは違う4年前に訪れたときよりすばらしく進化されている・林SPF豚飯林SPFのとんかつが好きなので迷わず注文したんだけど甘い脂身とタレがイイ感じちなみに予約方法は下記参照お友達のレビューをコピペだけど-----------■お店のならび方時間枠別の「順番待ちのリスト」が張り出されたタイミングで、希望する時間枠に名前をかいて、その時間にいくという来店方法になっています。時間枠は３０分ごとに８組づつとなっています。順番待ちのリストが張り出される時間は事前にツイッターで確認してください。いまのところ昼の部は、午前９時、夜の部は17時でした。土日は昼のみの通し営業です。＜ならぶながれ＞１　営業時間をまずツイッターで確認してください　　営業している日と時間帯は要確認です。　　土日祝日は昼のみ営業です。　↓　　　　２　お店にいって、順番待ちのリストに名前を記載します。　　時間帯ごとに枠があり、そこにカタカナで名前を書く感じです。　　1.5杯とか２杯食べる場合は、杯数も記載します。　　複数でくる場合は、その分の時間枠をうめます。　　　記載例）　オオモリ※人の名前　　1.5※１杯以上頼む場合　　　　　　　　　↓　※二人いる場合は↓で枠をうめる↓　　　　３　自分がなまえを記入した時間枠にお店にいきます。↓４　食券を買ってよいタイミングになると、お店の人が○〇さん食券買ってくださいといってきますので、それにあわせて、食券をかいにいきます。メニューが張り出されていないので、券売機がメニュー表です。食べログのメニュー画像(券売機)で事前に何を食べるかえらんでおいたほうがいいです。↓５　食券を買い終わってしばらくすると、お店の人が食券を回収しにきます。それをわたして店外でまちます↓６　お店の方が、〇〇さんお入りくださいといってきたら、やっとお店に入れます。↓７　指定されたお店の席に座り、ラーメンがくるのをまちます。けっこうまつことになるので、お酒やつまみを購入されることをオススメします。お酒とつまみは、入店後でも注文できます。"
33,00000002,Homemade Ramen 麦苗,4.06,東京都内,695,コロナで遠出するなと言われてしまったので、都内で一番行きたかった場所に行ってきました。京急線の大森海岸駅が最寄りですが、各駅しか停まらない駅で、鮫洲で通過待ちとかして時間はかかるわ、本数は10分に1本位と少ないわで、若干歩く距離が長くなりますが、都心方面から来る人は京浜東北線の大森駅の方がいいかもしれません。朝9:00にお店の前にウェイディングボードが出されるので、早い時間に食べたい人は9:00前にはお店の前にいなければ難しいとのことです。休日の8:50頃到着で、前には10～15人くらいいて、辛うじて1枠だけ空いていた11:30の枠に記名しました。11:30ちょっと前にお店の前に戻ってきたところ、15:00まで埋まっていました。さて、順番が来て、券売機で食券を購入し、着席します。注文したのは「上醤油らあめん」(1300円)。まずは透き通ったスープを一口二口と飲んでみると、そこには見た目通りのすっきり感と、見た目からは想像できないコクが感じ取れます。次に、麦の味がしっかりとしていて、絶妙にスープが絡む麺は、硬さも長さも計算され尽くされているようです。ハーブ鶏、ローストビーフ、チャーシューと豪華なお肉たちも存在感をアピールしてきます。メンマ、海苔といった脇役達も躍動しています。ラーメンに対する店主の熱意が染み渡った素晴らしいラーメン、また早起きして食べに来ようと思います。
34,00000002,Homemade Ramen 麦苗,4.06,東京都内,695,うどんが主食の公式ブログ　https://alwaysudon.com/tonkatsu-marugo-akihabara/うどんが主食のYouTube　https://www.youtube.com/user/techno9353/featuredうどんが主食の公式メルマガ　http://alwaysudon.online/mailmagazine/instagram　https://instagram.com/alwaysudon/超大行列で普通なら1時間待ちは確実なこちら。コロナでもしかしたら、と開店少し前に行ったら誰もいない。よく見ると順番待ちは記入方式になった模様。用紙を見ると、なんと1番だった！やった～！店内を覗くと深谷君とじゅんちゃんが忙しそうに準備してました。やがて開店。さすがに開店時には10人以上並んでましたが以前と比べると少ないですね～今が狙い目ですよ～券売機かったのはかなり迷いましたが醤油1000円。旨そうですね～豚のチャーシューが2種類2枚づつ。右にはマイタケのソースが、左にはグレープフルーツの泡が香りづけに。スープの香りもたって食欲そそりますね。細目のメンマや麺の水分量も好きな感じでスープとの相性もバッチリだと思います。スープ、麺、トッピングのバランスがいいですよね。あまりにも美味しいので、「2杯目限定　塩」も注文しちゃいました！
35,00000002,Homemade Ramen 麦苗,4.06,東京都内,695,【食べログ 2020 BRONZE】【食べログ 2019 ラーメン TOKYO 百名店】【ミシュラン 2020 ビブグルマン】以前は 大行列でしたが現在は ウェイティングボード制 代表待ち ありですランチは 9時にボードが出され11:00  11:30  11:55…時間が指定出来ますボードへの 記入方法は隣に 注意事項と記入例が 置かれています日曜日 8時20分到着で4番目11:00の欄に記入後 一時解散10:50に戻ると 15:20～2名だけ 空きありその日に 確実に席をゲットするなら10:00頃までには 到着を！ ですかね？【上醤油ラーメン】¥1300美しい琥珀色のスープは無化調なのに 奥深い味わい♪地鶏の旨みを しっかりと感じ煮干、昆布、本枯れ鰹節など節系との バランスが 素晴らしい！舞茸のソースや香るグレープフルーツの泡など技が冴えまくってますあっさりしていながらも 余韻が長く 体にも優しい 見事なスープ♪手火山式鰹節が 味変用に提供され 後半に投入します更に香りが パワーアップして最後の1滴まで飽きさせない 仕上がりに♪自家製麺は 中細のストレートで 小麦も香りスープとの絡み具合も 絶妙！豚モモチャーシューは吊るし焼きで 香ばしく仕上げレアチャーシューは 3種黒毛和牛、林SPF豚肩ロース、鶏胸肉鶏胸肉には 大葉が振りかけられ色合いも良く またアクセントにもなります肉ワンタンにも 林SPFが使用され皮はチュルッと 餡はとてもジューシー♪メンマ、海苔3枚、ネギ2種もそれぞれ 存在感を発揮しますあ～ 美味しかったな～♪明日にでも再訪したくなる ラーメンです
36,00000002,Homemade Ramen 麦苗,4.06,東京都内,695,"ご近所の食べログレビュアーさんと地元大森グルメツアーをしました♪数店舗候補をいただきましたが、こちらのお店をリクエストさせていただきましたよ( v^-゜)♪大森が全国に誇るラーメン屋さんです。百名店選出の常連店です♪　　今年のお正月に京浜東北線が止まっていたので行ってみましたが、開店前なのにすでに売り切れ(ToT)ということで約２年半ぶりです(*^ーﾟ)朝、予約を取ってきてくださいました。ありがとうございます(^.^)(-.-)(__)入店予定11時半。一緒のレビュアーさんは良く来られています。何を食べようか迷ったので、アドバイスをいただきました。・上醤油(1,300円)・志賀高原ビール(650円)　KASUMI ビールは着席後、さらに数種類から選ぶことになりました(^_^;)こだわりの姿勢はラーメンを越えて伝わってまいります。ラーメンは麺、スープ、具、全てしっくりと美味しい(///ω///)♪身体にも負担がかからない気がします。上品系ラーメンの最高峰ﾟ+.(*ﾉωヾ*)♪+ﾟ毎日食べたい！予約の仕方など教えていただいたので、また来たいです(*^ーﾟ)ご馳走さまでした(~▽~＠)♪♪♪"
37,00000002,Homemade Ramen 麦苗,4.06,東京都内,695,ようやくラーメン店の2020年百名店が発表されたと思ったら…あれ？行ったのに投稿されてない？と思ったら投稿しようとした時、諸事情（コロナとか記帳制のゴタゴタとか青麦の開店とか？）により休業中だったので投稿できなかったんだった。ということで、5ヶ月半ほど遡っての投稿です。ミシュランガイド2018年版に初登場し、以降3年連続ビブグルマンの大森のHomemade Ramen 麦苗に初訪問して来ました。平日休日関係なく、昼夜共にウェイティングリスト記載方式となり、長時間並ぶことはないものの、朝は9時から開始なので気合入れて行ったら30分前に着いちゃった…けど、もう5人も！？とみ田よりは短いもののそれなりの時間を潰して集合時間にお店へ。で、注文したのはデフォの上 醤油（上は黒毛和牛、鶏チャーシュー、林RPF豚ワンタン、海苔2枚が追加）。上品な清湯が旨ッ！中細ながらシルキーな麺も美味しい。これは人気出るわ。ワンタンも軟骨かな？コリコリしたのが入ってて旨い。上には本枯節が付くので、半分食べたら丼の底に沈めて下さいとのこと。スープに劇的な変化というのはないが、麺やスープと一緒に食べると旨味たっぷりで美味しさ倍増。そして、昼夜5食ずつ限定の実家の魚飯も注文。これを頂くために早起きした！w 今日は鮪のヅケ丼。生鮪だよね？いや〜美味しかった。
38,00000002,Homemade Ramen 麦苗,4.06,東京都内,695,土曜日の9時40分頃。まずノートに名前を書きに行きます。すでにお昼の部はほとんど埋まり、あと7人ぐらい。ノートが店先に出される時間は変更があるみたいなので、ツイッター等要チェック。固定ツイートとは違う時間のこともあるので、結構細かく見ないと。あと10分遅れていたらお昼には食べられませんでした。とは言え、並ばなくても済むこのシステムは使いやすい。お店が贔屓するべき地元も有利だし。さすがに日本一とも言われるだけあって、麺も一級品。具材も、スープも。香りまで最高。優しい味で華やかさもあり、非の打ち所がない。普段はラーメンに入れなくて良いと思う海苔まで濃くて厚い。これぐらい存在感有る海苔なら。大盛り不可かつ、量が少ないと聞いていたので、麺玉なるものを注文していたが、スープが完飲必須だし、必要なかった。確かに、たまごご飯の麺バージョンで、旨いが、一食目に食べたものが完成されているので、二連食の方が。
39,00000002,Homemade Ramen 麦苗,4.06,東京都内,695,火曜日の12時20分に下見に来ましたら、なんと13時15分に空きがあり、すぐさまウェイティングボードに記入しました✨　時間までブラブラしてましたが、10分前に名前を呼ばれ、食券を購入しカウンターに着席しました。カウンターは隣との間に木製のついたてを配置し、コロナ対策もとってくれていて安心です❗　挨拶の声や表情も素敵で申し分ありません‼️　オーダーから2～3分後に、まず卵かけご飯が出されました。黄身が濃く、そのままでも美味しいのですが、だし醤油も半端なく美味しいですねぇ。おかかも良い味です✨　鷺ノ宮のらぁ麺すぎ本の卵かけご飯と同じくらい美味しいですよ☺️　食べ終わると丁度のタイミングで特製醤油らあめんが提供されました　見た瞬間美味しいを確信することの出来るビジュアルです。スープは丸鶏、ガラ、本枯鰹節、煮干、昆布の出汁が素晴らしいハーモニーを醸し出しています。6種類の醤油をブレンドしているそうですが、どちらかと言えば淡麗なのかもしれませんが、途中に追加する手火山式鰹節がさらに美味しく味を引き締める感じです✨　麺は弾力のあるツルツルシコシコ麺で旨い。牛、豚、鶏のチャーシューも抜群に旨いです✨　食べ始める前から食べ終わるまで終始笑顔でした　ごちそう様でした‼️　　　　　P.S.後から気付いたんですが、味玉が入っていませんでした
